[
    {
        "pk": 1, 
        "model": "auth.user", 
        "fields": {
            "username": "admin", 
            "first_name": "", 
            "last_name": "", 
            "is_active": true, 
            "is_superuser": true, 
            "is_staff": true, 
            "last_login": "2009-07-03 00:43:05", 
            "groups": [], 
            "user_permissions": [], 
            "password": "sha1$a1589$c29d13b527e49535abe69207362810e339eaa4ad", 
            "email": "admin@admin.com", 
            "date_joined": "2009-05-14 13:27:14"
        }
    }, 
    {
        "pk": 1, 
        "model": "profiles.userprofile", 
        "fields": {
            "city": "", 
            "name": "daiane_diniz", 
            "gender": "", 
            "is_active": true, 
            "user_type": "", 
            "birthdate": null, 
            "state": "", 
            "user": null, 
            "mugshot": "", 
            "institution": null
        }
    }, 
    {
        "pk": 2, 
        "model": "profiles.userprofile", 
        "fields": {
            "city": "", 
            "name": "leilane_diniz", 
            "gender": "", 
            "is_active": true, 
            "user_type": "", 
            "birthdate": null, 
            "state": "", 
            "user": null, 
            "mugshot": "", 
            "institution": null
        }
    }, 
    {
        "pk": 3, 
        "model": "profiles.userprofile", 
        "fields": {
            "city": "", 
            "name": "auricelia_sodre", 
            "gender": "", 
            "is_active": true, 
            "user_type": "", 
            "birthdate": null, 
            "state": "", 
            "user": null, 
            "mugshot": "", 
            "institution": null
        }
    }, 
    {
        "pk": 5, 
        "model": "profiles.userprofile", 
        "fields": {
            "city": "", 
            "name": "isa_nascimento", 
            "gender": "", 
            "is_active": true, 
            "user_type": "", 
            "birthdate": null, 
            "state": "", 
            "user": null, 
            "mugshot": "", 
            "institution": null
        }
    }, 
    {
        "pk": 6, 
        "model": "profiles.userprofile", 
        "fields": {
            "city": "", 
            "name": "tereza_colares", 
            "gender": "", 
            "is_active": true, 
            "user_type": "", 
            "birthdate": null, 
            "state": "", 
            "user": null, 
            "mugshot": "", 
            "institution": null
        }
    }, 
    {
        "pk": 7, 
        "model": "profiles.userprofile", 
        "fields": {
            "city": "", 
            "name": "andre_stadler", 
            "gender": "", 
            "is_active": true, 
            "user_type": "", 
            "birthdate": null, 
            "state": "", 
            "user": null, 
            "mugshot": "", 
            "institution": null
        }
    }, 
    {
        "pk": 8, 
        "model": "profiles.userprofile", 
        "fields": {
            "city": "", 
            "name": "haroldo_paula", 
            "gender": "", 
            "is_active": true, 
            "user_type": "", 
            "birthdate": null, 
            "state": "", 
            "user": null, 
            "mugshot": "", 
            "institution": null
        }
    }, 
    {
        "pk": 9, 
        "model": "profiles.userprofile", 
        "fields": {
            "city": "", 
            "name": "wesley_ribeiro", 
            "gender": "", 
            "is_active": true, 
            "user_type": "", 
            "birthdate": null, 
            "state": "", 
            "user": null, 
            "mugshot": "", 
            "institution": null
        }
    }, 
    {
        "pk": 10, 
        "model": "profiles.userprofile", 
        "fields": {
            "city": "", 
            "name": "sadraque_viana", 
            "gender": "", 
            "is_active": true, 
            "user_type": "", 
            "birthdate": null, 
            "state": "", 
            "user": null, 
            "mugshot": "", 
            "institution": null
        }
    }, 
    {
        "pk": 11, 
        "model": "profiles.userprofile", 
        "fields": {
            "city": "", 
            "name": "romulo_carvalho", 
            "gender": "", 
            "is_active": true, 
            "user_type": "", 
            "birthdate": null, 
            "state": "", 
            "user": null, 
            "mugshot": "", 
            "institution": null
        }
    }, 
    {
        "pk": 12, 
        "model": "profiles.userprofile", 
        "fields": {
            "city": "", 
            "name": "rudison_lacerda", 
            "gender": "", 
            "is_active": true, 
            "user_type": "", 
            "birthdate": null, 
            "state": "", 
            "user": null, 
            "mugshot": "", 
            "institution": null
        }
    }, 
    {
        "pk": 13, 
        "model": "profiles.userprofile", 
        "fields": {
            "city": "", 
            "name": "joel_lima", 
            "gender": "", 
            "is_active": true, 
            "user_type": "", 
            "birthdate": null, 
            "state": "", 
            "user": null, 
            "mugshot": "", 
            "institution": null
        }
    }, 
    {
        "pk": 14, 
        "model": "profiles.userprofile", 
        "fields": {
            "city": "", 
            "name": "wanderlei_freitas", 
            "gender": "", 
            "is_active": true, 
            "user_type": "", 
            "birthdate": null, 
            "state": "", 
            "user": null, 
            "mugshot": "", 
            "institution": null
        }
    }, 
    {
        "pk": 15, 
        "model": "profiles.userprofile", 
        "fields": {
            "city": "", 
            "name": "karen_mariano", 
            "gender": "", 
            "is_active": true, 
            "user_type": "", 
            "birthdate": null, 
            "state": "", 
            "user": null, 
            "mugshot": "", 
            "institution": null
        }
    }, 
    {
        "pk": 16, 
        "model": "profiles.userprofile", 
        "fields": {
            "city": "", 
            "name": "luana_peres", 
            "gender": "", 
            "is_active": true, 
            "user_type": "", 
            "birthdate": null, 
            "state": "", 
            "user": null, 
            "mugshot": "", 
            "institution": null
        }
    }, 
    {
        "pk": 17, 
        "model": "profiles.userprofile", 
        "fields": {
            "city": "", 
            "name": "erick_brito", 
            "gender": "", 
            "is_active": true, 
            "user_type": "", 
            "birthdate": null, 
            "state": "", 
            "user": null, 
            "mugshot": "", 
            "institution": null
        }
    }, 
    {
        "pk": 18, 
        "model": "profiles.userprofile", 
        "fields": {
            "city": "", 
            "name": "silvia_pacheco", 
            "gender": "", 
            "is_active": true, 
            "user_type": "", 
            "birthdate": null, 
            "state": "", 
            "user": null, 
            "mugshot": "", 
            "institution": null
        }
    }, 
    {
        "pk": 19, 
        "model": "profiles.userprofile", 
        "fields": {
            "city": "", 
            "name": "carla_sena", 
            "gender": "", 
            "is_active": true, 
            "user_type": "", 
            "birthdate": null, 
            "state": "", 
            "user": null, 
            "mugshot": "", 
            "institution": null
        }
    }, 
    {
        "pk": 20, 
        "model": "profiles.userprofile", 
        "fields": {
            "city": "", 
            "name": "veronica_costa", 
            "gender": "", 
            "is_active": true, 
            "user_type": "", 
            "birthdate": null, 
            "state": "", 
            "user": null, 
            "mugshot": "", 
            "institution": null
        }
    }, 
    {
        "pk": 21, 
        "model": "profiles.userprofile", 
        "fields": {
            "city": "", 
            "name": "domicio_rodrigues", 
            "gender": "", 
            "is_active": true, 
            "user_type": "", 
            "birthdate": null, 
            "state": "", 
            "user": null, 
            "mugshot": "", 
            "institution": null
        }
    }, 
    {
        "pk": 22, 
        "model": "profiles.userprofile", 
        "fields": {
            "city": "", 
            "name": "guilherme_martins", 
            "gender": "", 
            "is_active": true, 
            "user_type": "", 
            "birthdate": null, 
            "state": "", 
            "user": null, 
            "mugshot": "", 
            "institution": null
        }
    }, 
    {
        "pk": 23, 
        "model": "profiles.userprofile", 
        "fields": {
            "city": "", 
            "name": "jose_araujo", 
            "gender": "", 
            "is_active": true, 
            "user_type": "", 
            "birthdate": null, 
            "state": "", 
            "user": null, 
            "mugshot": "", 
            "institution": null
        }
    }, 
    {
        "pk": 24, 
        "model": "profiles.userprofile", 
        "fields": {
            "city": "", 
            "name": "diogo_goncalves", 
            "gender": "", 
            "is_active": true, 
            "user_type": "", 
            "birthdate": null, 
            "state": "", 
            "user": null, 
            "mugshot": "", 
            "institution": null
        }
    }, 
    {
        "pk": 25, 
        "model": "profiles.userprofile", 
        "fields": {
            "city": "", 
            "name": "gabriella_santos", 
            "gender": "", 
            "is_active": true, 
            "user_type": "", 
            "birthdate": null, 
            "state": "", 
            "user": null, 
            "mugshot": "", 
            "institution": null
        }
    }, 
    {
        "pk": 26, 
        "model": "profiles.userprofile", 
        "fields": {
            "city": "", 
            "name": "marcos_silva", 
            "gender": "", 
            "is_active": true, 
            "user_type": "", 
            "birthdate": null, 
            "state": "", 
            "user": null, 
            "mugshot": "", 
            "institution": null
        }
    }, 
    {
        "pk": 27, 
        "model": "profiles.userprofile", 
        "fields": {
            "city": "", 
            "name": "lucas_reis", 
            "gender": "", 
            "is_active": true, 
            "user_type": "", 
            "birthdate": null, 
            "state": "", 
            "user": null, 
            "mugshot": "", 
            "institution": null
        }
    }, 
    {
        "pk": 28, 
        "model": "profiles.userprofile", 
        "fields": {
            "city": "", 
            "name": "fabio_bruschi", 
            "gender": "", 
            "is_active": true, 
            "user_type": "", 
            "birthdate": null, 
            "state": "", 
            "user": null, 
            "mugshot": "", 
            "institution": null
        }
    }, 
    {
        "pk": 29, 
        "model": "profiles.userprofile", 
        "fields": {
            "city": "", 
            "name": "helio_silva", 
            "gender": "", 
            "is_active": true, 
            "user_type": "", 
            "birthdate": null, 
            "state": "", 
            "user": null, 
            "mugshot": "", 
            "institution": null
        }
    }, 
    {
        "pk": 30, 
        "model": "profiles.userprofile", 
        "fields": {
            "city": "", 
            "name": "gildasio_magalhaes", 
            "gender": "", 
            "is_active": true, 
            "user_type": "", 
            "birthdate": null, 
            "state": "", 
            "user": null, 
            "mugshot": "", 
            "institution": null
        }
    }, 
    {
        "pk": 31, 
        "model": "profiles.userprofile", 
        "fields": {
            "city": "", 
            "name": "martinha_magalhaes", 
            "gender": "", 
            "is_active": true, 
            "user_type": "", 
            "birthdate": null, 
            "state": "", 
            "user": null, 
            "mugshot": "", 
            "institution": null
        }
    }, 
    {
        "pk": 32, 
        "model": "profiles.userprofile", 
        "fields": {
            "city": "", 
            "name": "bruno_buzzo", 
            "gender": "", 
            "is_active": true, 
            "user_type": "", 
            "birthdate": null, 
            "state": "", 
            "user": null, 
            "mugshot": "", 
            "institution": null
        }
    }, 
    {
        "pk": 33, 
        "model": "profiles.userprofile", 
        "fields": {
            "city": "", 
            "name": "jose_diotto", 
            "gender": "", 
            "is_active": true, 
            "user_type": "", 
            "birthdate": null, 
            "state": "", 
            "user": null, 
            "mugshot": "", 
            "institution": null
        }
    }, 
    {
        "pk": 34, 
        "model": "profiles.userprofile", 
        "fields": {
            "city": "", 
            "name": "lidia_faria", 
            "gender": "", 
            "is_active": true, 
            "user_type": "", 
            "birthdate": null, 
            "state": "", 
            "user": null, 
            "mugshot": "", 
            "institution": null
        }
    }, 
    {
        "pk": 35, 
        "model": "profiles.userprofile", 
        "fields": {
            "city": "", 
            "name": "suely_aversani", 
            "gender": "", 
            "is_active": true, 
            "user_type": "", 
            "birthdate": null, 
            "state": "", 
            "user": null, 
            "mugshot": "", 
            "institution": null
        }
    }, 
    {
        "pk": 36, 
        "model": "profiles.userprofile", 
        "fields": {
            "city": "", 
            "name": "durval_guimaraes", 
            "gender": "", 
            "is_active": true, 
            "user_type": "", 
            "birthdate": null, 
            "state": "", 
            "user": null, 
            "mugshot": "", 
            "institution": null
        }
    }, 
    {
        "pk": 37, 
        "model": "profiles.userprofile", 
        "fields": {
            "city": "", 
            "name": "dilermando_porto", 
            "gender": "", 
            "is_active": true, 
            "user_type": "", 
            "birthdate": null, 
            "state": "", 
            "user": null, 
            "mugshot": "", 
            "institution": null
        }
    }, 
    {
        "pk": 38, 
        "model": "profiles.userprofile", 
        "fields": {
            "city": "", 
            "name": "alda_silva", 
            "gender": "", 
            "is_active": true, 
            "user_type": "", 
            "birthdate": null, 
            "state": "", 
            "user": null, 
            "mugshot": "", 
            "institution": null
        }
    }, 
    {
        "pk": 39, 
        "model": "profiles.userprofile", 
        "fields": {
            "city": "", 
            "name": "maira_brum", 
            "gender": "", 
            "is_active": true, 
            "user_type": "", 
            "birthdate": null, 
            "state": "", 
            "user": null, 
            "mugshot": "", 
            "institution": null
        }
    }, 
    {
        "pk": 40, 
        "model": "profiles.userprofile", 
        "fields": {
            "city": "", 
            "name": "edith_mielke", 
            "gender": "", 
            "is_active": true, 
            "user_type": "", 
            "birthdate": null, 
            "state": "", 
            "user": null, 
            "mugshot": "", 
            "institution": null
        }
    }, 
    {
        "pk": 41, 
        "model": "profiles.userprofile", 
        "fields": {
            "city": "", 
            "name": "vitoria_freitas", 
            "gender": "", 
            "is_active": true, 
            "user_type": "", 
            "birthdate": null, 
            "state": "", 
            "user": null, 
            "mugshot": "", 
            "institution": null
        }
    }, 
    {
        "pk": 42, 
        "model": "profiles.userprofile", 
        "fields": {
            "city": "", 
            "name": "fernanda_zem", 
            "gender": "", 
            "is_active": true, 
            "user_type": "", 
            "birthdate": null, 
            "state": "", 
            "user": null, 
            "mugshot": "", 
            "institution": null
        }
    }, 
    {
        "pk": 43, 
        "model": "profiles.userprofile", 
        "fields": {
            "city": "", 
            "name": "anderson_cacao", 
            "gender": "", 
            "is_active": true, 
            "user_type": "", 
            "birthdate": null, 
            "state": "", 
            "user": null, 
            "mugshot": "", 
            "institution": null
        }
    }, 
    {
        "pk": 44, 
        "model": "profiles.userprofile", 
        "fields": {
            "city": "", 
            "name": "alan_andrade", 
            "gender": "", 
            "is_active": true, 
            "user_type": "", 
            "birthdate": null, 
            "state": "", 
            "user": null, 
            "mugshot": "", 
            "institution": null
        }
    }, 
    {
        "pk": 45, 
        "model": "profiles.userprofile", 
        "fields": {
            "city": "", 
            "name": "camilla_bruzadelli", 
            "gender": "", 
            "is_active": true, 
            "user_type": "", 
            "birthdate": null, 
            "state": "", 
            "user": null, 
            "mugshot": "", 
            "institution": null
        }
    }, 
    {
        "pk": 46, 
        "model": "profiles.userprofile", 
        "fields": {
            "city": "", 
            "name": "deborah_asbahr", 
            "gender": "", 
            "is_active": true, 
            "user_type": "", 
            "birthdate": null, 
            "state": "", 
            "user": null, 
            "mugshot": "", 
            "institution": null
        }
    }, 
    {
        "pk": 47, 
        "model": "profiles.userprofile", 
        "fields": {
            "city": "", 
            "name": "sergio_delbianco", 
            "gender": "", 
            "is_active": true, 
            "user_type": "", 
            "birthdate": null, 
            "state": "", 
            "user": null, 
            "mugshot": "", 
            "institution": null
        }
    },
    {
        "pk": 1, 
        "model": "sites.site", 
        "fields": {
            "domain": "localhost:8000", 
            "name": "localhost:8000"
        }
    },
    {
        "pk": 1, 
        "model": "flatpages.flatpage", 
        "fields": {
            "registration_required": false,
            "title": "Privacidade",
            "url": "/privacy/", 
            "sites": [1],
            "template_name": "",
            "content": "<h1>Política de Privacidade</h1>",
            "enable_comments": false
        }
    }, 
    {
        "pk": 2, 
        "model": "flatpages.flatpage", 
        "fields": {
            "registration_required": false,
            "title": "Sobre",
            "url": "/about/", 
            "sites": [1],
            "template_name": "",
            "content": "<h1>Sobre</h1>",
            "enable_comments": false
        }
    }, 
    {
        "pk": 3, 
        "model": "flatpages.flatpage", 
        "fields": {
            "registration_required": false,
            "title": "Mapa do Site",
            "url": "/sitemap/", 
            "sites": [1],
            "template_name": "",
            "content": "<h1>Mapa do Site</h1>",
            "enable_comments": false
        }
    }, 
    {
        "pk": 4, 
        "model": "flatpages.flatpage", 
        "fields": {
            "registration_required": false,
            "title": "Termos de Uso",
            "url": "/terms/", 
            "sites": [1],
            "template_name": "",
            "content": "<h1>Termos de Uso</h1>",
            "enable_comments": false
        }
    },
    {
        "pk": 5, 
        "model": "flatpages.flatpage", 
        "fields": {
            "registration_required": false,
            "title": "Ajuda",
            "url": "/help/", 
            "sites": [1],
            "template_name": "",
            "content": "<h1>Ajuda</h1>",
            "enable_comments": false
        }
    },
    {
        "pk": 6, 
        "model": "flatpages.flatpage", 
        "fields": {
            "registration_required": false,
            "title": "O quê?",
            "url": "/what/", 
            "sites": [1],
            "template_name": "",
            "content": "<h1>O quê?</h1>",
            "enable_comments": false
        }
    },
    {
        "pk": 7, 
        "model": "flatpages.flatpage", 
        "fields": {
            "registration_required": false,
            "title": "Por quê?",
            "url": "/why/", 
            "sites": [1],
            "template_name": "",
            "content": "<h1>Por quê?</h1>",
            "enable_comments": false
        }
    },
    {
        "pk": 8, 
        "model": "flatpages.flatpage", 
        "fields": {
            "registration_required": false,
            "title": "Como",
            "url": "/how/", 
            "sites": [1],
            "template_name": "",
            "content": "<h1>Como</h1>",
            "enable_comments": false
        }
    },
    {
        "pk": 1, 
        "model": "articles.article", 
        "fields": {
            "title": "Divulgue a FEBRACE",
            "slug": "febrace",
            "author": 1, 
            "excerpt": "Divulgue a FEBRACE em sua escola, em seu bairro",
            "body": "Divulgue a FEBRACE em sua escola, em seu bairro",
            "pub_date": "2009-07-02 23:40",
            "enable_comments": false,
            "tags": "febrace"            
        }
    }, 
    {
        "pk": 2, 
        "model": "articles.article", 
        "fields": {
            "title": "Um espaço para os estudantes",
            "slug": "febrace",
            "author": 1, 
            "excerpt": "Escreva sua história e participe do FEBRACE Acontece",
            "body": "Escreva sua história e participe do FEBRACE Acontece",
            "pub_date": "2009-07-02 23:40",
            "enable_comments": false,
            "tags": "febrace"            
        }
    }, 
    {
        "pk": 3, 
        "model": "articles.article", 
        "fields": {
            "title": "Visite o Criatividade e Inovação",
            "slug": "febrace",
            "author": 1, 
            "excerpt": "Reune informações sobre feiras de ciências no Brasil e no mundo",
            "body": "Reune informações sobre feiras de ciências no Brasil e no mundo",
            "pub_date": "2009-07-02 23:40",
            "enable_comments": false,
            "tags": "febrace"            
        }
    }, 
    {
        "pk": 4, 
        "model": "articles.article", 
        "fields": {
            "title": "Invista em jovens inovadores",
            "slug": "febrace",
            "author": 1, 
            "excerpt": "Estimule a cultura de inovação e empreendedorismo na Educação Básica",
            "body": "Estimule a cultura de inovação e empreendedorismo na Educação Básica",
            "pub_date": "2009-07-02 23:40",
            "enable_comments": false,
            "tags": "febrace"            
        }
    }, 
    {
        "pk": 5, 
        "model": "articles.article", 
        "fields": {
            "title": "Brasil na Intel ISEF",
            "slug": "febrace",
            "author": 1, 
            "excerpt": "Estudantes brasileiros trazem 5 prêmios para o Brasil",
            "body": "Estudantes brasileiros trazem 5 prêmios para o Brasil",
            "pub_date": "2009-07-02 23:40",
            "enable_comments": false,
            "tags": "febrace"            
        }
    }, 
    {
        "pk": 1, 
        "model": "institutions.institution", 
        "fields": {
            "website": "", 
            "city": "S\u00e3o Luiz", 
            "state": "MA", 
            "name": "Escola de Educa\u00e7\u00e3o B\u00e1sica e Profissional Funda\u00e7\u00e3o ", 
            "address": ""
        }
    }, 
    {
        "pk": 2, 
        "model": "institutions.institution", 
        "fields": {
            "website": "", 
            "city": "", 
            "state": "", 
            "name": "Col\u00e9gio Christus", 
            "address": ""
        }
    }, 
    {
        "pk": 3, 
        "model": "institutions.institution", 
        "fields": {
            "website": "", 
            "city": "", 
            "state": "", 
            "name": "CEFET-MG", 
            "address": ""
        }
    }, 
    {
        "pk": 4, 
        "model": "institutions.institution", 
        "fields": {
            "website": "", 
            "city": "", 
            "state": "", 
            "name": "E.E.M.E.P.J.A Embaixador Assis Chateaubriand", 
            "address": ""
        }
    }, 
    {
        "pk": 5, 
        "model": "institutions.institution", 
        "fields": {
            "website": "", 
            "city": "", 
            "state": "", 
            "name": "Funda\u00e7\u00e3o Bradesco \u2013 Escola de Canuan\u00e3 ", 
            "address": ""
        }
    }, 
    {
        "pk": 6, 
        "model": "institutions.institution", 
        "fields": {
            "website": "", 
            "city": "", 
            "state": "", 
            "name": "Universidade Tecnol\u00f3gica Federal do Paran\u00e1", 
            "address": ""
        }
    }, 
    {
        "pk": 7, 
        "model": "institutions.institution", 
        "fields": {
            "website": "", 
            "city": "", 
            "state": "", 
            "name": "Col\u00e9gio Christus - Unidade Bar\u00e3o de Studart", 
            "address": ""
        }
    }, 
    {
        "pk": 8, 
        "model": "institutions.institution", 
        "fields": {
            "website": "", 
            "city": "", 
            "state": "", 
            "name": "Col\u00e9gio Interativa", 
            "address": ""
        }
    }, 
    {
        "pk": 9, 
        "model": "institutions.institution", 
        "fields": {
            "website": "", 
            "city": "", 
            "state": "", 
            "name": "Col\u00e9gio Estadual Luiz Reid", 
            "address": ""
        }
    }, 
    {
        "pk": 10, 
        "model": "institutions.institution", 
        "fields": {
            "website": "", 
            "city": "", 
            "state": "", 
            "name": "Col\u00e9gio Koelle", 
            "address": ""
        }
    }, 
    {
        "pk": 11, 
        "model": "institutions.institution", 
        "fields": {
            "website": "", 
            "city": "", 
            "state": "", 
            "name": "SENAI Geraldo Vieira Martins", 
            "address": ""
        }
    }, 
    {
        "pk": 12, 
        "model": "institutions.institution", 
        "fields": {
            "website": "", 
            "city": "", 
            "state": "", 
            "name": "E.E.E.F. Seival", 
            "address": ""
        }
    }, 
    {
        "pk": 13, 
        "model": "institutions.institution", 
        "fields": {
            "website": "", 
            "city": "", 
            "state": "", 
            "name": "Institui\u00e7\u00e3o de Ensino Latino Americano", 
            "address": ""
        }
    }, 
    {
        "pk": 14, 
        "model": "institutions.institution", 
        "fields": {
            "website": "", 
            "city": "", 
            "state": "", 
            "name": "Escola T\u00e9cnica Estadual Trajano Camargo", 
            "address": ""
        }
    },
    {
        "pk": 15, 
        "model": "institutions.institution", 
        "fields": {
            "website": "", 
            "city": "", 
            "state": "", 
            "name": "FEBRACE", 
            "address": ""
        }
    },
    {
        "pk": 1, 
        "model": "projects.project", 
        "fields": {
            "category": "AGR", 
            "is_local": true, 
            "code": "000", 
            "name": "Reaproveite o lixo, alimentando seu bicho!", 
            "students": [
                2, 
                3
            ], 
            "abstract": "Reaproveite o lixo, alimentando seu bicho!", 
            "advisors": [
                5
            ], 
            "edition": "2008", 
            "video": "agr000.ogv", 
            "keywords": "", 
            "institution": 1
        }
    }, 
    {
        "pk": 2, 
        "model": "projects.project", 
        "fields": {
            "category": "BIO", 
            "is_local": true, 
            "code": "000", 
            "name": "Utiliza\u00e7\u00e3o de microesferas para o combate \u00e0 dengue", 
            "students": [
                6, 
                7
            ], 
            "abstract": "Utiliza\u00e7\u00e3o de microesferas para o combate \u00e0 dengue", 
            "advisors": [
                8, 
                9
            ], 
            "edition": "2008", 
            "video": "bio000.ogv", 
            "keywords": "", 
            "institution": 2
        }
    }, 
    {
        "pk": 3, 
        "model": "projects.project", 
        "fields": {
            "category": "ENG", 
            "is_local": true, 
            "code": "000", 
            "name": "Manutentor", 
            "students": [
                10, 
                11, 
                12
            ], 
            "abstract": "Manutentor", 
            "advisors": [
                13, 
                14
            ], 
            "edition": "2008", 
            "video": "eng000.ogv", 
            "keywords": "", 
            "institution": 3
        }
    }, 
    {
        "pk": 4, 
        "model": "projects.project", 
        "fields": {
            "category": "HUM", 
            "is_local": true, 
            "code": "000", 
            "name": "Quando som e imagem tornam-se amea\u00e7as invis\u00edveis", 
            "students": [
                15, 
                16, 
                17
            ], 
            "abstract": "Quando som e imagem tornam-se amea\u00e7as invis\u00edveis", 
            "advisors": [
                18, 
                19
            ], 
            "edition": "2008", 
            "video": "hum000.ogv", 
            "keywords": "", 
            "institution": 4
        }
    }, 
    {
        "pk": 5, 
        "model": "projects.project", 
        "fields": {
            "category": "AGR", 
            "is_local": true, 
            "code": "001", 
            "name": "An\u00e1lise de cultivares de cana-de-a\u00e7ucar", 
            "students": [
                20
            ], 
            "abstract": "An\u00e1lise de cultivares de cana-de-a\u00e7ucar", 
            "advisors": [
                21
            ], 
            "edition": "2008", 
            "video": "agr001.ogv", 
            "keywords": "",           
            "institution": 5
        }
    }, 
    {
        "pk": 6, 
        "model": "projects.project", 
        "fields": {
            "category": "BIO", 
            "is_local": true, 
            "code": "001", 
            "name": "A atividade antimicrobiana in vitro do latex de aveloz", 
            "students": [
                22
            ], 
            "abstract": "A atividade antimicrobiana in vitro do latex de aveloz", 
            "advisors": [
                23, 
                24
            ], 
            "edition": "2008", 
            "video": "bio001.ogv", 
            "keywords": "",           
            "institution": 6
        }
    }, 
    {
        "pk": 7, 
        "model": "projects.project", 
        "fields": {
            "category": "ENG", 
            "is_local": true, 
            "code": "001", 
            "name": "Emprego de mediadores Redox", 
            "students": [
                25
            ], 
            "abstract": "Emprego de mediadores Redox", 
            "advisors": [
                26
            ], 
            "edition": "2008", 
            "video": "eng001.ogv", 
            "keywords": "",           
            "institution": 7
        }
    }, 
    {
        "pk": 8, 
        "model": "projects.project", 
        "fields": {
            "category": "EXA", 
            "is_local": true, 
            "code": "001", 
            "name": "Levantamento da diversidade planct\u00f4nica do litoral paranaense", 
            "students": [
                27
            ], 
            "abstract": "Levantamento da diversidade planct\u00f4nica do litoral paranaense", 
            "advisors": [
                28
            ], 
            "edition": "2008", 
            "video": "exa001.ogv", 
            "keywords": "",           
            "institution": 8
        }
    }, 
    {
        "pk": 9, 
        "model": "projects.project", 
        "fields": {
            "category": "HUM", 
            "is_local": true, 
            "code": "001", 
            "name": "\u00c9 l\u00f3gico?...Ser\u00e1? Pensando logicamente", 
            "students": [
                29
            ], 
            "abstract": "\u00c9 l\u00f3gico?...Ser\u00e1? Pensando logicamente", 
            "advisors": [
                30, 
                31
            ], 
            "edition": "2008", 
            "video": "hum001.ogv", 
            "keywords": "",           
            "institution": 9
        }
    }, 
    {
        "pk": 10, 
        "model": "projects.project", 
        "fields": {
            "category": "SAU", 
            "is_local": true, 
            "code": "001", 
            "name": "Protetores solares a base de urucum", 
            "students": [
                32
            ], 
            "abstract": "Protetores solares a base de urucum", 
            "advisors": [
                33
            ], 
            "edition": "2008", 
            "video": "sau001.ogv", 
            "keywords": "",           
            "institution": 10
        }
    }, 
    {
        "pk": 11, 
        "model": "projects.project", 
        "fields": {
            "category": "SOC", 
            "is_local": true, 
            "code": "001", 
            "name": "Roupas Espec\u00edficas para PPNEs ", 
            "students": [
                34
            ], 
            "abstract": "Roupas Espec\u00edficas para PPNEs ", 
            "advisors": [
                35, 
                36
            ], 
            "edition": "2008", 
            "video": "soc001.ogv", 
            "keywords": "",           
            "institution": 11
        }
    }, 
    {
        "pk": 12, 
        "model": "projects.project", 
        "fields": {
            "category": "SOC", 
            "is_local": true, 
            "code": "000", 
            "name": "Erradica\u00e7\u00e3o do trabalho infantil com alunos da E.E.E.F. Seival atrav\u00e9s da reciclagem de lixo", 
            "students": [
                37, 
                38, 
                39
            ], 
            "abstract": "Erradica\u00e7\u00e3o do trabalho infantil com alunos da E.E.E.F. Seival atrav\u00e9s da reciclagem de lixo", 
            "advisors": [
                40
            ], 
            "edition": "2008", 
            "video": "soc000.ogv", 
            "keywords": "",           
            "institution": 12
        }
    }, 
    {
        "pk": 13, 
        "model": "projects.project", 
        "fields": {
            "category": "SAU", 
            "is_local": true, 
            "code": "000", 
            "name": "Indiferen\u00e7a causa dengue", 
            "students": [
                41, 
                42
            ], 
            "abstract": "Indiferen\u00e7a causa dengue", 
            "advisors": [
                43
            ], 
            "edition": "2008", 
            "video": "sau000.ogv", 
            "keywords": "",           
            "institution": 13
        }
    }, 
    {
        "pk": 14, 
        "model": "projects.project", 
        "fields": {
            "category": "EXA", 
            "is_local": true, 
            "code": "000", 
            "name": "Reciclo", 
            "students": [
                44, 
                45, 
                46
            ], 
            "abstract": "Reciclo", 
            "advisors": [
                47
            ], 
            "edition": "2008", 
            "video": "exa000.ogv", 
            "keywords": "",           
            "institution": 14
        }
    }, 
    {
        "pk": 1, 
        "model": "projects.prize", 
        "fields": {
            "description": "", 
            "name": "1\u00ba Lugar em Ci\u00eancias Agr\u00e1rias (Grupo)", 
            "institution": 15
        }
    }, 
    {
        "pk": 2, 
        "model": "projects.prize", 
        "fields": {
            "description": "", 
            "name": "1\u00ba Lugar em Ci\u00eancias Agr\u00e1rias (Individual)", 
            "institution": 15
        }
    }, 
    {
        "pk": 3, 
        "model": "projects.prize", 
        "fields": {
            "description": "", 
            "name": "1\u00ba Lugar em Ci\u00eancias Biol\u00f3gicas (Grupo)", 
            "institution": 15
        }
    }, 
    {
        "pk": 4, 
        "model": "projects.prize", 
        "fields": {
            "description": "", 
            "name": "1\u00ba Lugar em Ci\u00eancias Biol\u00f3gicas (Individual)", 
            "institution": 15
        }
    }, 
    {
        "pk": 5, 
        "model": "projects.prize", 
        "fields": {
            "description": "", 
            "name": "1\u00ba Lugar em Ci\u00eancias Exatas e da Terra (Grupo)", 
            "institution": 15
        }
    }, 
    {
        "pk": 6, 
        "model": "projects.prize", 
        "fields": {
            "description": "", 
            "name": "1\u00ba Lugar em Ci\u00eancias Exatas e da Terra (Individual)", 
            "institution": 15
        }
    }, 
    {
        "pk": 7, 
        "model": "projects.prize", 
        "fields": {
            "description": "", 
            "name": "1\u00ba Lugar em Ci\u00eancias Humanas (Grupo)", 
            "institution": 15
        }
    }, 
    {
        "pk": 8, 
        "model": "projects.prize", 
        "fields": {
            "description": "", 
            "name": "1\u00ba Lugar em Ci\u00eancias Humanas (Individual)", 
            "institution": 15
        }
    }, 
    {
        "pk": 9, 
        "model": "projects.prize", 
        "fields": {
            "description": "", 
            "name": "1\u00ba Lugar em Ci\u00eancias Sociais Aplicadas (Grupo)", 
            "institution": 15
        }
    }, 
    {
        "pk": 10, 
        "model": "projects.prize", 
        "fields": {
            "description": "", 
            "name": "1\u00ba Lugar em Ci\u00eancias Sociais Aplicadas (Individual)", 
            "institution": 15
        }
    }, 
    {
        "pk": 11, 
        "model": "projects.prize", 
        "fields": {
            "description": "", 
            "name": "1\u00ba Lugar em Ci\u00eancias da Sa\u00fade (Grupo)", 
            "institution": 15
        }
    }, 
    {
        "pk": 12, 
        "model": "projects.prize", 
        "fields": {
            "description": "", 
            "name": "1\u00ba Lugar em Ci\u00eancias da Sa\u00fade (Individual)", 
            "institution": 15
        }
    }, 
    {
        "pk": 13, 
        "model": "projects.prize", 
        "fields": {
            "description": "", 
            "name": "1\u00ba Lugar em Engenharia (Grupo)", 
            "institution": 15
        }
    }, 
    {
        "pk": 14, 
        "model": "projects.prize", 
        "fields": {
            "description": "", 
            "name": "1\u00ba Lugar em Engenharia (Individual)", 
            "institution": 15
        }
    }, 
    {
        "pk": 15, 
        "model": "projects.prize", 
        "fields": {
            "description": "", 
            "name": "2\u00ba Lugar em Ci\u00eancias Agr\u00e1rias (Grupo)", 
            "institution": 15
        }
    }, 
    {
        "pk": 16, 
        "model": "projects.prize", 
        "fields": {
            "description": "", 
            "name": "2\u00ba Lugar em Ci\u00eancias Agr\u00e1rias (Individual)", 
            "institution": 15
        }
    }, 
    {
        "pk": 17, 
        "model": "projects.prize", 
        "fields": {
            "description": "", 
            "name": "2\u00ba Lugar em Ci\u00eancias Biol\u00f3gicas (Grupo)", 
            "institution": 15
        }
    }, 
    {
        "pk": 18, 
        "model": "projects.prize", 
        "fields": {
            "description": "", 
            "name": "2\u00ba Lugar em Ci\u00eancias Biol\u00f3gicas (Individual)", 
            "institution": 15
        }
    }, 
    {
        "pk": 19, 
        "model": "projects.prize", 
        "fields": {
            "description": "", 
            "name": "2\u00ba Lugar em Ci\u00eancias Exatas e da Terra (Grupo)", 
            "institution": 15
        }
    }, 
    {
        "pk": 20, 
        "model": "projects.prize", 
        "fields": {
            "description": "", 
            "name": "2\u00ba Lugar em Ci\u00eancias Exatas e da Terra (Individual)", 
            "institution": 15
        }
    }, 
    {
        "pk": 21, 
        "model": "projects.prize", 
        "fields": {
            "description": "", 
            "name": "2\u00ba Lugar em Ci\u00eancias Humanas (Grupo)", 
            "institution": 15
        }
    }, 
    {
        "pk": 22, 
        "model": "projects.prize", 
        "fields": {
            "description": "", 
            "name": "2\u00ba Lugar em Ci\u00eancias Humanas (Individual)", 
            "institution": 15
        }
    }, 
    {
        "pk": 23, 
        "model": "projects.prize", 
        "fields": {
            "description": "", 
            "name": "2\u00ba Lugar em Ci\u00eancias Sociais Aplicadas (Grupo)", 
            "institution": 15
        }
    }, 
    {
        "pk": 24, 
        "model": "projects.prize", 
        "fields": {
            "description": "", 
            "name": "2\u00ba Lugar em Ci\u00eancias Sociais Aplicadas (Individual)", 
            "institution": 15
        }
    }, 
    {
        "pk": 25, 
        "model": "projects.prize", 
        "fields": {
            "description": "", 
            "name": "2\u00ba Lugar em Ci\u00eancias da Sa\u00fade (Grupo)", 
            "institution": 15
        }
    }, 
    {
        "pk": 26, 
        "model": "projects.prize", 
        "fields": {
            "description": "", 
            "name": "2\u00ba Lugar em Ci\u00eancias da Sa\u00fade (Individual)", 
            "institution": 15
        }
    }, 
    {
        "pk": 27, 
        "model": "projects.prize", 
        "fields": {
            "description": "", 
            "name": "2\u00ba Lugar em Engenharia (Grupo)", 
            "institution": 15
        }
    }, 
    {
        "pk": 28, 
        "model": "projects.prize", 
        "fields": {
            "description": "", 
            "name": "2\u00ba Lugar em Engenharia (Individual)", 
            "institution": 15
        }
    }, 
    {
        "pk": 29, 
        "model": "projects.prize", 
        "fields": {
            "description": "", 
            "name": "3\u00ba Lugar em Ci\u00eancias Agr\u00e1rias (Grupo)", 
            "institution": 15
        }
    }, 
    {
        "pk": 30, 
        "model": "projects.prize", 
        "fields": {
            "description": "", 
            "name": "3\u00ba Lugar em Ci\u00eancias Agr\u00e1rias (Individual)", 
            "institution": 15
        }
    }, 
    {
        "pk": 31, 
        "model": "projects.prize", 
        "fields": {
            "description": "", 
            "name": "3\u00ba Lugar em Ci\u00eancias Biol\u00f3gicas (Grupo)", 
            "institution": 15
        }
    }, 
    {
        "pk": 32, 
        "model": "projects.prize", 
        "fields": {
            "description": "", 
            "name": "3\u00ba Lugar em Ci\u00eancias Biol\u00f3gicas (Individual)", 
            "institution": 15
        }
    }, 
    {
        "pk": 33, 
        "model": "projects.prize", 
        "fields": {
            "description": "", 
            "name": "3\u00ba Lugar em Ci\u00eancias Exatas e da Terra (Grupo)", 
            "institution": 15
        }
    }, 
    {
        "pk": 34, 
        "model": "projects.prize", 
        "fields": {
            "description": "", 
            "name": "3\u00ba Lugar em Ci\u00eancias Exatas e da Terra (Individual)", 
            "institution": 15
        }
    }, 
    {
        "pk": 35, 
        "model": "projects.prize", 
        "fields": {
            "description": "", 
            "name": "3\u00ba Lugar em Ci\u00eancias Humanas (Grupo)", 
            "institution": 15
        }
    }, 
    {
        "pk": 36, 
        "model": "projects.prize", 
        "fields": {
            "description": "", 
            "name": "3\u00ba Lugar em Ci\u00eancias Humanas (Individual)", 
            "institution": 15
        }
    }, 
    {
        "pk": 37, 
        "model": "projects.prize", 
        "fields": {
            "description": "", 
            "name": "3\u00ba Lugar em Ci\u00eancias Sociais Aplicadas (Grupo)", 
            "institution": 15
        }
    }, 
    {
        "pk": 38, 
        "model": "projects.prize", 
        "fields": {
            "description": "", 
            "name": "3\u00ba Lugar em Ci\u00eancias Sociais Aplicadas (Individual)", 
            "institution": 15
        }
    }, 
    {
        "pk": 39, 
        "model": "projects.prize", 
        "fields": {
            "description": "", 
            "name": "3\u00ba Lugar em Ci\u00eancias da Sa\u00fade (Grupo)", 
            "institution": 15
        }
    }, 
    {
        "pk": 40, 
        "model": "projects.prize", 
        "fields": {
            "description": "", 
            "name": "3\u00ba Lugar em Ci\u00eancias da Sa\u00fade (Individual)", 
            "institution": 15
        }
    }, 
    {
        "pk": 41, 
        "model": "projects.prize", 
        "fields": {
            "description": "", 
            "name": "3\u00ba Lugar em Engenharia (Grupo)", 
            "institution": 15
        }
    }, 
    {
        "pk": 42, 
        "model": "projects.prize", 
        "fields": {
            "description": "", 
            "name": "3\u00ba Lugar em Engenharia (Individual)", 
            "institution": 15
        }
    }, 
    {
        "pk": 1, 
        "model": "projects.prizelink", 
        "fields": {
            "project": 1, 
            "date_added": "2009-07-03 01:50:22", 
            "prize": 1
        }
    }, 
    {
        "pk": 2, 
        "model": "projects.prizelink", 
        "fields": {
            "project": 2, 
            "date_added": "2009-07-03 01:50:51", 
            "prize": 3
        }
    }, 
    {
        "pk": 3, 
        "model": "projects.prizelink", 
        "fields": {
            "project": 3, 
            "date_added": "2009-07-03 01:51:38", 
            "prize": 13
        }
    }, 
    {
        "pk": 4, 
        "model": "projects.prizelink", 
        "fields": {
            "project": 4, 
            "date_added": "2009-07-03 01:52:01", 
            "prize": 7
        }
    }, 
    {
        "pk": 5, 
        "model": "projects.prizelink", 
        "fields": {
            "project": 5, 
            "date_added": "2009-07-03 01:52:10", 
            "prize": 2
        }
    }, 
    {
        "pk": 6, 
        "model": "projects.prizelink", 
        "fields": {
            "project": 6, 
            "date_added": "2009-07-03 01:52:31", 
            "prize": 4
        }
    }, 
    {
        "pk": 7, 
        "model": "projects.prizelink", 
        "fields": {
            "project": 7, 
            "date_added": "2009-07-03 01:52:46", 
            "prize": 14
        }
    }, 
    {
        "pk": 8, 
        "model": "projects.prizelink", 
        "fields": {
            "project": 8, 
            "date_added": "2009-07-03 01:53:06", 
            "prize": 6
        }
    }, 
    {
        "pk": 9, 
        "model": "projects.prizelink", 
        "fields": {
            "project": 9, 
            "date_added": "2009-07-03 01:53:22", 
            "prize": 8
        }
    }, 
    {
        "pk": 10, 
        "model": "projects.prizelink", 
        "fields": {
            "project": 10, 
            "date_added": "2009-07-03 01:53:39", 
            "prize": 12
        }
    }, 
    {
        "pk": 11, 
        "model": "projects.prizelink", 
        "fields": {
            "project": 11, 
            "date_added": "2009-07-03 01:54:00", 
            "prize": 10
        }
    }, 
    {
        "pk": 12, 
        "model": "projects.prizelink", 
        "fields": {
            "project": 12, 
            "date_added": "2009-07-03 01:54:23", 
            "prize": 9
        }
    }, 
    {
        "pk": 13, 
        "model": "projects.prizelink", 
        "fields": {
            "project": 13, 
            "date_added": "2009-07-03 01:54:44", 
            "prize": 11
        }
    }, 
    {
        "pk": 14, 
        "model": "projects.prizelink", 
        "fields": {
            "project": 14, 
            "date_added": "2009-07-03 01:54:55", 
            "prize": 5
        }
    }
]
