[
    {
        "pk": 1, 
        "model": "auth.user", 
        "fields": {
            "username": "admin", 
            "first_name": "", 
            "last_name": "", 
            "is_active": true, 
            "is_superuser": true, 
            "is_staff": true, 
            "last_login": "2009-07-03 00:43:05", 
            "groups": [], 
            "user_permissions": [], 
            "password": "sha1$a1589$c29d13b527e49535abe69207362810e339eaa4ad", 
            "email": "admin@admin.com", 
            "date_joined": "2009-05-14 13:27:14"
        }
    }, 
    {
        "pk": 2, 
        "model": "auth.user", 
        "fields": {
            "username": "leilane_diniz", 
            "first_name": "", 
            "last_name": "", 
            "is_active": true, 
            "is_superuser": false, 
            "is_staff": false, 
            "last_login": "2009-07-03 00:46:16", 
            "groups": [], 
            "user_permissions": [], 
            "password": "sha1$c8430$73649dcb20b2665d44b175ed706a5d8c7708d975", 
            "email": "", 
            "date_joined": "2009-07-03 00:46:16"
        }
    }, 
    {
        "pk": 3, 
        "model": "auth.user", 
        "fields": {
            "username": "auricelia_sodre", 
            "first_name": "", 
            "last_name": "", 
            "is_active": true, 
            "is_superuser": false, 
            "is_staff": false, 
            "last_login": "2009-07-03 00:46:48", 
            "groups": [], 
            "user_permissions": [], 
            "password": "sha1$5b87c$09550505fb4bea5184cec37c1502aea644798feb", 
            "email": "", 
            "date_joined": "2009-07-03 00:46:48"
        }
    }, 
    {
        "pk": 5, 
        "model": "auth.user", 
        "fields": {
            "username": "isa_nascimento", 
            "first_name": "", 
            "last_name": "", 
            "is_active": true, 
            "is_superuser": false, 
            "is_staff": false, 
            "last_login": "2009-07-03 00:51:21", 
            "groups": [], 
            "user_permissions": [], 
            "password": "sha1$bdbef$e9f17ec27191097bbc557d3a61a83d05166f2fc1", 
            "email": "", 
            "date_joined": "2009-07-03 00:51:21"
        }
    }, 
    {
        "pk": 6, 
        "model": "auth.user", 
        "fields": {
            "username": "tereza_colares", 
            "first_name": "", 
            "last_name": "", 
            "is_active": true, 
            "is_superuser": false, 
            "is_staff": false, 
            "last_login": "2009-07-03 00:55:28", 
            "groups": [], 
            "user_permissions": [], 
            "password": "sha1$d4a2e$720a1dad311dfe2c606ab895208f760a6d938575", 
            "email": "", 
            "date_joined": "2009-07-03 00:55:28"
        }
    }, 
    {
        "pk": 7, 
        "model": "auth.user", 
        "fields": {
            "username": "andre_stadler", 
            "first_name": "", 
            "last_name": "", 
            "is_active": true, 
            "is_superuser": false, 
            "is_staff": false, 
            "last_login": "2009-07-03 00:55:56", 
            "groups": [], 
            "user_permissions": [], 
            "password": "sha1$15199$83e88e6e0a03341fcc96f946afb3b2252744d7e3", 
            "email": "", 
            "date_joined": "2009-07-03 00:55:56"
        }
    }, 
    {
        "pk": 8, 
        "model": "auth.user", 
        "fields": {
            "username": "haroldo_paula", 
            "first_name": "", 
            "last_name": "", 
            "is_active": true, 
            "is_superuser": false, 
            "is_staff": false, 
            "last_login": "2009-07-03 00:56:24", 
            "groups": [], 
            "user_permissions": [], 
            "password": "sha1$cc5d8$24fb829dd02fa4ed9f0ff312549827a1de6939b0", 
            "email": "", 
            "date_joined": "2009-07-03 00:56:24"
        }
    }, 
    {
        "pk": 9, 
        "model": "auth.user", 
        "fields": {
            "username": "wesley_ribeiro", 
            "first_name": "", 
            "last_name": "", 
            "is_active": true, 
            "is_superuser": false, 
            "is_staff": false, 
            "last_login": "2009-07-03 00:56:48", 
            "groups": [], 
            "user_permissions": [], 
            "password": "sha1$c4407$b9bad3200f02984208c86c16d3e4e02b90701fab", 
            "email": "", 
            "date_joined": "2009-07-03 00:56:48"
        }
    }, 
    {
        "pk": 10, 
        "model": "auth.user", 
        "fields": {
            "username": "sadraque_viana", 
            "first_name": "", 
            "last_name": "", 
            "is_active": true, 
            "is_superuser": false, 
            "is_staff": false, 
            "last_login": "2009-07-03 00:58:47", 
            "groups": [], 
            "user_permissions": [], 
            "password": "sha1$9b41d$00b7efd1b952ecc95f99c8cee16c5c27b961b394", 
            "email": "", 
            "date_joined": "2009-07-03 00:58:47"
        }
    }, 
    {
        "pk": 11, 
        "model": "auth.user", 
        "fields": {
            "username": "romulo_carvalho", 
            "first_name": "", 
            "last_name": "", 
            "is_active": true, 
            "is_superuser": false, 
            "is_staff": false, 
            "last_login": "2009-07-03 00:59:08", 
            "groups": [], 
            "user_permissions": [], 
            "password": "sha1$06dd1$6e7a5faadd362d955b26601b3827d1bddf5f4e54", 
            "email": "", 
            "date_joined": "2009-07-03 00:59:08"
        }
    }, 
    {
        "pk": 12, 
        "model": "auth.user", 
        "fields": {
            "username": "rudison_lacerda", 
            "first_name": "", 
            "last_name": "", 
            "is_active": true, 
            "is_superuser": false, 
            "is_staff": false, 
            "last_login": "2009-07-03 00:59:28", 
            "groups": [], 
            "user_permissions": [], 
            "password": "sha1$aec04$21f17de95eb5e7aaa7acf4724c8640bb82a703fa", 
            "email": "", 
            "date_joined": "2009-07-03 00:59:28"
        }
    }, 
    {
        "pk": 13, 
        "model": "auth.user", 
        "fields": {
            "username": "joel_lima", 
            "first_name": "", 
            "last_name": "", 
            "is_active": true, 
            "is_superuser": false, 
            "is_staff": false, 
            "last_login": "2009-07-03 00:59:45", 
            "groups": [], 
            "user_permissions": [], 
            "password": "sha1$1928c$dceffcad3f5d32cc7e7f8530a47f8a410cd94a3f", 
            "email": "", 
            "date_joined": "2009-07-03 00:59:45"
        }
    }, 
    {
        "pk": 14, 
        "model": "auth.user", 
        "fields": {
            "username": "wanderlei_freitas", 
            "first_name": "", 
            "last_name": "", 
            "is_active": true, 
            "is_superuser": false, 
            "is_staff": false, 
            "last_login": "2009-07-03 01:00:03", 
            "groups": [], 
            "user_permissions": [], 
            "password": "sha1$565a6$57d66a81c0ed91d2ccc476cb29b7aae17ffc4d12", 
            "email": "", 
            "date_joined": "2009-07-03 01:00:03"
        }
    }, 
    {
        "pk": 15, 
        "model": "auth.user", 
        "fields": {
            "username": "karen_mariano", 
            "first_name": "", 
            "last_name": "", 
            "is_active": true, 
            "is_superuser": false, 
            "is_staff": false, 
            "last_login": "2009-07-03 01:01:51", 
            "groups": [], 
            "user_permissions": [], 
            "password": "sha1$76827$2c593e1b5a5a964d8ff8bf1bbeda054c5b048637", 
            "email": "", 
            "date_joined": "2009-07-03 01:01:51"
        }
    }, 
    {
        "pk": 16, 
        "model": "auth.user", 
        "fields": {
            "username": "luana_peres", 
            "first_name": "", 
            "last_name": "", 
            "is_active": true, 
            "is_superuser": false, 
            "is_staff": false, 
            "last_login": "2009-07-03 01:02:06", 
            "groups": [], 
            "user_permissions": [], 
            "password": "sha1$becc7$5ab1d5bc0f32c8b33415c61ce55e1a011b454b22", 
            "email": "", 
            "date_joined": "2009-07-03 01:02:06"
        }
    }, 
    {
        "pk": 17, 
        "model": "auth.user", 
        "fields": {
            "username": "erick_brito", 
            "first_name": "", 
            "last_name": "", 
            "is_active": true, 
            "is_superuser": false, 
            "is_staff": false, 
            "last_login": "2009-07-03 01:02:25", 
            "groups": [], 
            "user_permissions": [], 
            "password": "sha1$27265$33e57f9deec328f0344c14dc360aa57fed55a3a1", 
            "email": "", 
            "date_joined": "2009-07-03 01:02:25"
        }
    }, 
    {
        "pk": 18, 
        "model": "auth.user", 
        "fields": {
            "username": "silvia_pacheco", 
            "first_name": "", 
            "last_name": "", 
            "is_active": true, 
            "is_superuser": false, 
            "is_staff": false, 
            "last_login": "2009-07-03 01:02:49", 
            "groups": [], 
            "user_permissions": [], 
            "password": "sha1$68414$58f94acfd85cf0fb2673595f90cc45b81d189aba", 
            "email": "", 
            "date_joined": "2009-07-03 01:02:49"
        }
    }, 
    {
        "pk": 19, 
        "model": "auth.user", 
        "fields": {
            "username": "carla_sena", 
            "first_name": "", 
            "last_name": "", 
            "is_active": true, 
            "is_superuser": false, 
            "is_staff": false, 
            "last_login": "2009-07-03 01:03:02", 
            "groups": [], 
            "user_permissions": [], 
            "password": "sha1$7e8ef$e399ad3114431f749f502f162c4284801a46f65c", 
            "email": "", 
            "date_joined": "2009-07-03 01:03:02"
        }
    }, 
    {
        "pk": 20, 
        "model": "auth.user", 
        "fields": {
            "username": "veronica_costa", 
            "first_name": "", 
            "last_name": "", 
            "is_active": true, 
            "is_superuser": false, 
            "is_staff": false, 
            "last_login": "2009-07-03 01:05:03", 
            "groups": [], 
            "user_permissions": [], 
            "password": "sha1$27e65$f7c3fff0d25da28ee7850c977c8141db2fc880dd", 
            "email": "", 
            "date_joined": "2009-07-03 01:05:03"
        }
    }, 
    {
        "pk": 21, 
        "model": "auth.user", 
        "fields": {
            "username": "domicio_rodrigues", 
            "first_name": "", 
            "last_name": "", 
            "is_active": true, 
            "is_superuser": false, 
            "is_staff": false, 
            "last_login": "2009-07-03 01:05:25", 
            "groups": [], 
            "user_permissions": [], 
            "password": "sha1$2b779$0a194d32ff410c47c1024fc0f6b89a3db0991a2a", 
            "email": "", 
            "date_joined": "2009-07-03 01:05:25"
        }
    }, 
    {
        "pk": 22, 
        "model": "auth.user", 
        "fields": {
            "username": "guilherme_martins", 
            "first_name": "", 
            "last_name": "", 
            "is_active": true, 
            "is_superuser": false, 
            "is_staff": false, 
            "last_login": "2009-07-03 01:09:48", 
            "groups": [], 
            "user_permissions": [], 
            "password": "sha1$14892$d7ba7ab641ce2ce9526ee2d18229a5acca30d0b7", 
            "email": "", 
            "date_joined": "2009-07-03 01:09:48"
        }
    }, 
    {
        "pk": 23, 
        "model": "auth.user", 
        "fields": {
            "username": "jose_araujo", 
            "first_name": "", 
            "last_name": "", 
            "is_active": true, 
            "is_superuser": false, 
            "is_staff": false, 
            "last_login": "2009-07-03 01:10:08", 
            "groups": [], 
            "user_permissions": [], 
            "password": "sha1$837a5$095e03da54d5011498f58efb3f0dacb20e06aa0d", 
            "email": "", 
            "date_joined": "2009-07-03 01:10:08"
        }
    }, 
    {
        "pk": 24, 
        "model": "auth.user", 
        "fields": {
            "username": "diogo_goncalves", 
            "first_name": "", 
            "last_name": "", 
            "is_active": true, 
            "is_superuser": false, 
            "is_staff": false, 
            "last_login": "2009-07-03 01:10:30", 
            "groups": [], 
            "user_permissions": [], 
            "password": "sha1$a895c$0008986359f076e158206a7d947ae800776d29f1", 
            "email": "", 
            "date_joined": "2009-07-03 01:10:30"
        }
    }, 
    {
        "pk": 25, 
        "model": "auth.user", 
        "fields": {
            "username": "gabriella_santos", 
            "first_name": "", 
            "last_name": "", 
            "is_active": true, 
            "is_superuser": false, 
            "is_staff": false, 
            "last_login": "2009-07-03 01:13:19", 
            "groups": [], 
            "user_permissions": [], 
            "password": "sha1$f6f56$1159344dd6f65fa984ed0d8b760ae967d38d226f", 
            "email": "", 
            "date_joined": "2009-07-03 01:13:19"
        }
    }, 
    {
        "pk": 26, 
        "model": "auth.user", 
        "fields": {
            "username": "marcos_silva", 
            "first_name": "", 
            "last_name": "", 
            "is_active": true, 
            "is_superuser": false, 
            "is_staff": false, 
            "last_login": "2009-07-03 01:13:38", 
            "groups": [], 
            "user_permissions": [], 
            "password": "sha1$7d192$bd39addb6ffde8a7e874522bdd2a39c04ad6d389", 
            "email": "", 
            "date_joined": "2009-07-03 01:13:38"
        }
    }, 
    {
        "pk": 27, 
        "model": "auth.user", 
        "fields": {
            "username": "lucas_reis", 
            "first_name": "", 
            "last_name": "", 
            "is_active": true, 
            "is_superuser": false, 
            "is_staff": false, 
            "last_login": "2009-07-03 01:15:50", 
            "groups": [], 
            "user_permissions": [], 
            "password": "sha1$a0e45$63c6dd59f82f4f70e8608c04ad1c2403b214fc24", 
            "email": "", 
            "date_joined": "2009-07-03 01:15:50"
        }
    }, 
    {
        "pk": 28, 
        "model": "auth.user", 
        "fields": {
            "username": "fabio_bruschi", 
            "first_name": "", 
            "last_name": "", 
            "is_active": true, 
            "is_superuser": false, 
            "is_staff": false, 
            "last_login": "2009-07-03 01:16:07", 
            "groups": [], 
            "user_permissions": [], 
            "password": "sha1$22512$482ac4aa82da5312f5437fb310e5980305788cf0", 
            "email": "", 
            "date_joined": "2009-07-03 01:16:07"
        }
    }, 
    {
        "pk": 29, 
        "model": "auth.user", 
        "fields": {
            "username": "helio_silva", 
            "first_name": "", 
            "last_name": "", 
            "is_active": true, 
            "is_superuser": false, 
            "is_staff": false, 
            "last_login": "2009-07-03 01:18:05", 
            "groups": [], 
            "user_permissions": [], 
            "password": "sha1$72657$1714b5df551e31a93264b889cffdefdff9d65334", 
            "email": "", 
            "date_joined": "2009-07-03 01:18:05"
        }
    }, 
    {
        "pk": 30, 
        "model": "auth.user", 
        "fields": {
            "username": "gildasio_magalhaes", 
            "first_name": "", 
            "last_name": "", 
            "is_active": true, 
            "is_superuser": false, 
            "is_staff": false, 
            "last_login": "2009-07-03 01:18:30", 
            "groups": [], 
            "user_permissions": [], 
            "password": "sha1$af70f$419569486b39ecc846d53f1b29213efc7abeec8b", 
            "email": "", 
            "date_joined": "2009-07-03 01:18:30"
        }
    }, 
    {
        "pk": 31, 
        "model": "auth.user", 
        "fields": {
            "username": "martinha_magalhaes", 
            "first_name": "", 
            "last_name": "", 
            "is_active": true, 
            "is_superuser": false, 
            "is_staff": false, 
            "last_login": "2009-07-03 01:18:46", 
            "groups": [], 
            "user_permissions": [], 
            "password": "sha1$399b8$8ae3e4396505754f529794c383812afdcaa990ef", 
            "email": "", 
            "date_joined": "2009-07-03 01:18:46"
        }
    }, 
    {
        "pk": 32, 
        "model": "auth.user", 
        "fields": {
            "username": "bruno_buzzo", 
            "first_name": "", 
            "last_name": "", 
            "is_active": true, 
            "is_superuser": false, 
            "is_staff": false, 
            "last_login": "2009-07-03 01:20:27", 
            "groups": [], 
            "user_permissions": [], 
            "password": "sha1$f29ad$8a545e324fae5ab2766975b23c97606e5d8a5564", 
            "email": "", 
            "date_joined": "2009-07-03 01:20:27"
        }
    }, 
    {
        "pk": 33, 
        "model": "auth.user", 
        "fields": {
            "username": "jose_diotto", 
            "first_name": "", 
            "last_name": "", 
            "is_active": true, 
            "is_superuser": false, 
            "is_staff": false, 
            "last_login": "2009-07-03 01:20:53", 
            "groups": [], 
            "user_permissions": [], 
            "password": "sha1$063ee$6d95d63da36c600a8c9aea5a661a6558ef09a06a", 
            "email": "", 
            "date_joined": "2009-07-03 01:20:53"
        }
    }, 
    {
        "pk": 34, 
        "model": "auth.user", 
        "fields": {
            "username": "lidia_faria", 
            "first_name": "", 
            "last_name": "", 
            "is_active": true, 
            "is_superuser": false, 
            "is_staff": false, 
            "last_login": "2009-07-03 01:22:42", 
            "groups": [], 
            "user_permissions": [], 
            "password": "sha1$dbb99$9bc9caa7b21bcebbc6a699bb3a5eec757f9a6068", 
            "email": "", 
            "date_joined": "2009-07-03 01:22:42"
        }
    }, 
    {
        "pk": 35, 
        "model": "auth.user", 
        "fields": {
            "username": "suely_aversani", 
            "first_name": "", 
            "last_name": "", 
            "is_active": true, 
            "is_superuser": false, 
            "is_staff": false, 
            "last_login": "2009-07-03 01:23:04", 
            "groups": [], 
            "user_permissions": [], 
            "password": "sha1$c5cee$cef21c688acc92f1590dd0bb9f121e52e8487774", 
            "email": "", 
            "date_joined": "2009-07-03 01:23:04"
        }
    }, 
    {
        "pk": 36, 
        "model": "auth.user", 
        "fields": {
            "username": "durval_guimaraes", 
            "first_name": "", 
            "last_name": "", 
            "is_active": true, 
            "is_superuser": false, 
            "is_staff": false, 
            "last_login": "2009-07-03 01:23:22", 
            "groups": [], 
            "user_permissions": [], 
            "password": "sha1$a94b5$1f8ec71778c69e80dad7250eff7999475ec73a08", 
            "email": "", 
            "date_joined": "2009-07-03 01:23:22"
        }
    }, 
    {
        "pk": 37, 
        "model": "auth.user", 
        "fields": {
            "username": "dilermando_porto", 
            "first_name": "", 
            "last_name": "", 
            "is_active": true, 
            "is_superuser": false, 
            "is_staff": false, 
            "last_login": "2009-07-03 01:25:52", 
            "groups": [], 
            "user_permissions": [], 
            "password": "sha1$16cae$1bce58f957e987cb3e42d6a560d4ccb69b6afffa", 
            "email": "", 
            "date_joined": "2009-07-03 01:25:52"
        }
    }, 
    {
        "pk": 38, 
        "model": "auth.user", 
        "fields": {
            "username": "alda_silva", 
            "first_name": "", 
            "last_name": "", 
            "is_active": true, 
            "is_superuser": false, 
            "is_staff": false, 
            "last_login": "2009-07-03 01:26:06", 
            "groups": [], 
            "user_permissions": [], 
            "password": "sha1$2ed6c$8162bce137d432eadc154b33294f1220e43716fc", 
            "email": "", 
            "date_joined": "2009-07-03 01:26:06"
        }
    }, 
    {
        "pk": 39, 
        "model": "auth.user", 
        "fields": {
            "username": "maira_brum", 
            "first_name": "", 
            "last_name": "", 
            "is_active": true, 
            "is_superuser": false, 
            "is_staff": false, 
            "last_login": "2009-07-03 01:26:24", 
            "groups": [], 
            "user_permissions": [], 
            "password": "sha1$30637$1579bac75292ec938f86060e6baa438e923f62a6", 
            "email": "", 
            "date_joined": "2009-07-03 01:26:24"
        }
    }, 
    {
        "pk": 40, 
        "model": "auth.user", 
        "fields": {
            "username": "edith_mielke", 
            "first_name": "", 
            "last_name": "", 
            "is_active": true, 
            "is_superuser": false, 
            "is_staff": false, 
            "last_login": "2009-07-03 01:26:45", 
            "groups": [], 
            "user_permissions": [], 
            "password": "sha1$e3540$c2a8e34c17736a721b985852bb79c1fd77715f29", 
            "email": "", 
            "date_joined": "2009-07-03 01:26:45"
        }
    }, 
    {
        "pk": 41, 
        "model": "auth.user", 
        "fields": {
            "username": "vitoria_freitas", 
            "first_name": "", 
            "last_name": "", 
            "is_active": true, 
            "is_superuser": false, 
            "is_staff": false, 
            "last_login": "2009-07-03 01:29:01", 
            "groups": [], 
            "user_permissions": [], 
            "password": "sha1$5daf8$fdd2907011cb59c3fc41185c3b3351a90e75bb32", 
            "email": "", 
            "date_joined": "2009-07-03 01:29:01"
        }
    }, 
    {
        "pk": 42, 
        "model": "auth.user", 
        "fields": {
            "username": "fernanda_zem", 
            "first_name": "", 
            "last_name": "", 
            "is_active": true, 
            "is_superuser": false, 
            "is_staff": false, 
            "last_login": "2009-07-03 01:29:19", 
            "groups": [], 
            "user_permissions": [], 
            "password": "sha1$ab11d$f857b3c8df92e51f4c315440549dc0169189f4cc", 
            "email": "", 
            "date_joined": "2009-07-03 01:29:19"
        }
    }, 
    {
        "pk": 43, 
        "model": "auth.user", 
        "fields": {
            "username": "anderson_cacao", 
            "first_name": "", 
            "last_name": "", 
            "is_active": true, 
            "is_superuser": false, 
            "is_staff": false, 
            "last_login": "2009-07-03 01:29:56", 
            "groups": [], 
            "user_permissions": [], 
            "password": "sha1$b2545$df195f6b64d3c7eb6131759744ab990cd75f9e71", 
            "email": "", 
            "date_joined": "2009-07-03 01:29:56"
        }
    }, 
    {
        "pk": 44, 
        "model": "auth.user", 
        "fields": {
            "username": "alan_andrade", 
            "first_name": "", 
            "last_name": "", 
            "is_active": true, 
            "is_superuser": false, 
            "is_staff": false, 
            "last_login": "2009-07-03 01:33:00", 
            "groups": [], 
            "user_permissions": [], 
            "password": "sha1$add3b$78ef788e79dd2c1feeca9b84f2a1946be38c4a31", 
            "email": "", 
            "date_joined": "2009-07-03 01:33:00"
        }
    }, 
    {
        "pk": 45, 
        "model": "auth.user", 
        "fields": {
            "username": "camilla_bruzadelli", 
            "first_name": "", 
            "last_name": "", 
            "is_active": true, 
            "is_superuser": false, 
            "is_staff": false, 
            "last_login": "2009-07-03 01:33:39", 
            "groups": [], 
            "user_permissions": [], 
            "password": "sha1$aa59a$2782a17f5608db458f92bc45af09ef15f780d25b", 
            "email": "", 
            "date_joined": "2009-07-03 01:33:39"
        }
    }, 
    {
        "pk": 46, 
        "model": "auth.user", 
        "fields": {
            "username": "deborah_asbahr", 
            "first_name": "", 
            "last_name": "", 
            "is_active": true, 
            "is_superuser": false, 
            "is_staff": false, 
            "last_login": "2009-07-03 01:34:13", 
            "groups": [], 
            "user_permissions": [], 
            "password": "sha1$e2663$1564c0a0071f8264e20c9dfff9e0d5046f9bad1c", 
            "email": "", 
            "date_joined": "2009-07-03 01:34:13"
        }
    }, 
    {
        "pk": 47, 
        "model": "auth.user", 
        "fields": {
            "username": "sergio_delbianco", 
            "first_name": "", 
            "last_name": "", 
            "is_active": true, 
            "is_superuser": false, 
            "is_staff": false, 
            "last_login": "2009-07-03 01:34:39", 
            "groups": [], 
            "user_permissions": [], 
            "password": "sha1$60e2f$43616b42655f31389cdeeeffb3cbc4f7fd58b827", 
            "email": "", 
            "date_joined": "2009-07-03 01:34:39"
        }
    },
    {
        "pk": 1, 
        "model": "sites.site", 
        "fields": {
            "domain": "localhost:8000", 
            "name": "localhost:8000"
        }
    },
    {
        "pk": 1, 
        "model": "flatpages.flatpage", 
        "fields": {
            "registration_required": false,
            "title": "Privacidade",
            "url": "/privacy/", 
            "sites": [1],
            "template_name": "",
            "content": "<h1>Política de Privacidade</h1>",
            "enable_comments": false
        }
    }, 
    {
        "pk": 2, 
        "model": "flatpages.flatpage", 
        "fields": {
            "registration_required": false,
            "title": "Sobre",
            "url": "/about/", 
            "sites": [1],
            "template_name": "",
            "content": "<h1>Sobre</h1>",
            "enable_comments": false
        }
    }, 
    {
        "pk": 3, 
        "model": "flatpages.flatpage", 
        "fields": {
            "registration_required": false,
            "title": "Mapa do Site",
            "url": "/sitemap/", 
            "sites": [1],
            "template_name": "",
            "content": "<h1>Mapa do Site</h1>",
            "enable_comments": false
        }
    }, 
    {
        "pk": 4, 
        "model": "flatpages.flatpage", 
        "fields": {
            "registration_required": false,
            "title": "Termos de Uso",
            "url": "/terms/", 
            "sites": [1],
            "template_name": "",
            "content": "<h1>Termos de Uso</h1>",
            "enable_comments": false
        }
    },
    {
        "pk": 5, 
        "model": "flatpages.flatpage", 
        "fields": {
            "registration_required": false,
            "title": "Ajuda",
            "url": "/help/", 
            "sites": [1],
            "template_name": "",
            "content": "<h1>Ajuda</h1>",
            "enable_comments": false
        }
    },
    {
        "pk": 6, 
        "model": "flatpages.flatpage", 
        "fields": {
            "registration_required": false,
            "title": "O quê?",
            "url": "/what/", 
            "sites": [1],
            "template_name": "",
            "content": "<h1>O quê?</h1>",
            "enable_comments": false
        }
    },
    {
        "pk": 7, 
        "model": "flatpages.flatpage", 
        "fields": {
            "registration_required": false,
            "title": "Por quê?",
            "url": "/why/", 
            "sites": [1],
            "template_name": "",
            "content": "<h1>Por quê?</h1>",
            "enable_comments": false
        }
    },
    {
        "pk": 8, 
        "model": "flatpages.flatpage", 
        "fields": {
            "registration_required": false,
            "title": "Como",
            "url": "/how/", 
            "sites": [1],
            "template_name": "",
            "content": "<h1>Como</h1>",
            "enable_comments": false
        }
    },
    {
        "pk": 1, 
        "model": "articles.article", 
        "fields": {
            "title": "Divulgue a FEBRACE",
            "slug": "febrace",
            "author": 1, 
            "excerpt": "Divulgue a FEBRACE em sua escola, em seu bairro",
            "body": "Divulgue a FEBRACE em sua escola, em seu bairro",
            "pub_date": "2009-07-02 23:40",
            "enable_comments": false,
            "tags": "febrace"            
        }
    }, 
    {
        "pk": 2, 
        "model": "articles.article", 
        "fields": {
            "title": "Um espaço para os estudantes",
            "slug": "febrace",
            "author": 1, 
            "excerpt": "Escreva sua história e participe do FEBRACE Acontece",
            "body": "Escreva sua história e participe do FEBRACE Acontece",
            "pub_date": "2009-07-02 23:40",
            "enable_comments": false,
            "tags": "febrace"            
        }
    }, 
    {
        "pk": 3, 
        "model": "articles.article", 
        "fields": {
            "title": "Visite o Criatividade e Inovação",
            "slug": "febrace",
            "author": 1, 
            "excerpt": "Reune informações sobre feiras de ciências no Brasil e no mundo",
            "body": "Reune informações sobre feiras de ciências no Brasil e no mundo",
            "pub_date": "2009-07-02 23:40",
            "enable_comments": false,
            "tags": "febrace"            
        }
    }, 
    {
        "pk": 4, 
        "model": "articles.article", 
        "fields": {
            "title": "Invista em jovens inovadores",
            "slug": "febrace",
            "author": 1, 
            "excerpt": "Estimule a cultura de inovação e empreendedorismo na Educação Básica",
            "body": "Estimule a cultura de inovação e empreendedorismo na Educação Básica",
            "pub_date": "2009-07-02 23:40",
            "enable_comments": false,
            "tags": "febrace"            
        }
    }, 
    {
        "pk": 5, 
        "model": "articles.article", 
        "fields": {
            "title": "Brasil na Intel ISEF",
            "slug": "febrace",
            "author": 1, 
            "excerpt": "Estudantes brasileiros trazem 5 prêmios para o Brasil",
            "body": "Estudantes brasileiros trazem 5 prêmios para o Brasil",
            "pub_date": "2009-07-02 23:40",
            "enable_comments": false,
            "tags": "febrace"            
        }
    }, 
    {
        "pk": 1, 
        "model": "institutions.institution", 
        "fields": {
            "website": "", 
            "city": "S\u00e3o Luiz", 
            "state": "MA", 
            "name": "Escola de Educa\u00e7\u00e3o B\u00e1sica e Profissional Funda\u00e7\u00e3o ", 
            "address": ""
        }
    }, 
    {
        "pk": 2, 
        "model": "institutions.institution", 
        "fields": {
            "website": "", 
            "city": "", 
            "state": "", 
            "name": "Col\u00e9gio Christus", 
            "address": ""
        }
    }, 
    {
        "pk": 3, 
        "model": "institutions.institution", 
        "fields": {
            "website": "", 
            "city": "", 
            "state": "", 
            "name": "CEFET-MG", 
            "address": ""
        }
    }, 
    {
        "pk": 4, 
        "model": "institutions.institution", 
        "fields": {
            "website": "", 
            "city": "", 
            "state": "", 
            "name": "E.E.M.E.P.J.A Embaixador Assis Chateaubriand", 
            "address": ""
        }
    }, 
    {
        "pk": 5, 
        "model": "institutions.institution", 
        "fields": {
            "website": "", 
            "city": "", 
            "state": "", 
            "name": "Funda\u00e7\u00e3o Bradesco \u2013 Escola de Canuan\u00e3 ", 
            "address": ""
        }
    }, 
    {
        "pk": 6, 
        "model": "institutions.institution", 
        "fields": {
            "website": "", 
            "city": "", 
            "state": "", 
            "name": "Universidade Tecnol\u00f3gica Federal do Paran\u00e1", 
            "address": ""
        }
    }, 
    {
        "pk": 7, 
        "model": "institutions.institution", 
        "fields": {
            "website": "", 
            "city": "", 
            "state": "", 
            "name": "Col\u00e9gio Christus - Unidade Bar\u00e3o de Studart", 
            "address": ""
        }
    }, 
    {
        "pk": 8, 
        "model": "institutions.institution", 
        "fields": {
            "website": "", 
            "city": "", 
            "state": "", 
            "name": "Col\u00e9gio Interativa", 
            "address": ""
        }
    }, 
    {
        "pk": 9, 
        "model": "institutions.institution", 
        "fields": {
            "website": "", 
            "city": "", 
            "state": "", 
            "name": "Col\u00e9gio Estadual Luiz Reid", 
            "address": ""
        }
    }, 
    {
        "pk": 10, 
        "model": "institutions.institution", 
        "fields": {
            "website": "", 
            "city": "", 
            "state": "", 
            "name": "Col\u00e9gio Koelle", 
            "address": ""
        }
    }, 
    {
        "pk": 11, 
        "model": "institutions.institution", 
        "fields": {
            "website": "", 
            "city": "", 
            "state": "", 
            "name": "SENAI Geraldo Vieira Martins", 
            "address": ""
        }
    }, 
    {
        "pk": 12, 
        "model": "institutions.institution", 
        "fields": {
            "website": "", 
            "city": "", 
            "state": "", 
            "name": "E.E.E.F. Seival", 
            "address": ""
        }
    }, 
    {
        "pk": 13, 
        "model": "institutions.institution", 
        "fields": {
            "website": "", 
            "city": "", 
            "state": "", 
            "name": "Institui\u00e7\u00e3o de Ensino Latino Americano", 
            "address": ""
        }
    }, 
    {
        "pk": 14, 
        "model": "institutions.institution", 
        "fields": {
            "website": "", 
            "city": "", 
            "state": "", 
            "name": "Escola T\u00e9cnica Estadual Trajano Camargo", 
            "address": ""
        }
    },
    {
        "pk": 15, 
        "model": "institutions.institution", 
        "fields": {
            "website": "", 
            "city": "", 
            "state": "", 
            "name": "FEBRACE", 
            "address": ""
        }
    },
    {
        "pk": 1, 
        "model": "projects.project", 
        "fields": {
            "category": "AGR", 
            "is_local": true, 
            "code": "000", 
            "name": "Reaproveite o lixo, alimentando seu bicho!", 
            "students": [
                2, 
                3
            ], 
            "abstract": "Reaproveite o lixo, alimentando seu bicho!", 
            "advisors": [
                5
            ], 
            "edition": "2008", 
            "video": "agr000.ogv", 
            "keywords": "", 
            "institution": 1
        }
    }, 
    {
        "pk": 2, 
        "model": "projects.project", 
        "fields": {
            "category": "BIO", 
            "is_local": true, 
            "code": "000", 
            "name": "Utiliza\u00e7\u00e3o de microesferas para o combate \u00e0 dengue", 
            "students": [
                6, 
                7
            ], 
            "abstract": "Utiliza\u00e7\u00e3o de microesferas para o combate \u00e0 dengue", 
            "advisors": [
                8, 
                9
            ], 
            "edition": "2008", 
            "video": "bio000.ogv", 
            "keywords": "", 
            "institution": 2
        }
    }, 
    {
        "pk": 3, 
        "model": "projects.project", 
        "fields": {
            "category": "ENG", 
            "is_local": true, 
            "code": "000", 
            "name": "Manutentor", 
            "students": [
                10, 
                11, 
                12
            ], 
            "abstract": "Manutentor", 
            "advisors": [
                13, 
                14
            ], 
            "edition": "2008", 
            "video": "eng000.ogv", 
            "keywords": "", 
            "institution": 3
        }
    }, 
    {
        "pk": 4, 
        "model": "projects.project", 
        "fields": {
            "category": "HUM", 
            "is_local": true, 
            "code": "000", 
            "name": "Quando som e imagem tornam-se amea\u00e7as invis\u00edveis", 
            "students": [
                15, 
                16, 
                17
            ], 
            "abstract": "Quando som e imagem tornam-se amea\u00e7as invis\u00edveis", 
            "advisors": [
                18, 
                19
            ], 
            "edition": "2008", 
            "video": "hum000.ogv", 
            "keywords": "", 
            "institution": 4
        }
    }, 
    {
        "pk": 5, 
        "model": "projects.project", 
        "fields": {
            "category": "AGR", 
            "is_local": true, 
            "code": "001", 
            "name": "An\u00e1lise de cultivares de cana-de-a\u00e7ucar", 
            "students": [
                20
            ], 
            "abstract": "An\u00e1lise de cultivares de cana-de-a\u00e7ucar", 
            "advisors": [
                21
            ], 
            "edition": "2008", 
            "video": "agr001.ogv", 
            "keywords": "", 
            "institution": 5
        }
    }, 
    {
        "pk": 6, 
        "model": "projects.project", 
        "fields": {
            "category": "BIO", 
            "is_local": true, 
            "code": "001", 
            "name": "A atividade antimicrobiana in vitro do latex de aveloz", 
            "students": [
                22
            ], 
            "abstract": "A atividade antimicrobiana in vitro do latex de aveloz", 
            "advisors": [
                23, 
                24
            ], 
            "edition": "2008", 
            "video": "bio001.ogv", 
            "keywords": "", 
            "institution": 6
        }
    }, 
    {
        "pk": 7, 
        "model": "projects.project", 
        "fields": {
            "category": "ENG", 
            "is_local": true, 
            "code": "001", 
            "name": "Emprego de mediadores Redox", 
            "students": [
                25
            ], 
            "abstract": "Emprego de mediadores Redox", 
            "advisors": [
                26
            ], 
            "edition": "2008", 
            "video": "eng001.ogv", 
            "keywords": "", 
            "institution": 7
        }
    }, 
    {
        "pk": 8, 
        "model": "projects.project", 
        "fields": {
            "category": "EXA", 
            "is_local": true, 
            "code": "001", 
            "name": "Levantamento da diversidade planct\u00f4nica do litoral paranaense", 
            "students": [
                27
            ], 
            "abstract": "Levantamento da diversidade planct\u00f4nica do litoral paranaense", 
            "advisors": [
                28
            ], 
            "edition": "2008", 
            "video": "exa001.ogv", 
            "keywords": "", 
            "institution": 8
        }
    }, 
    {
        "pk": 9, 
        "model": "projects.project", 
        "fields": {
            "category": "HUM", 
            "is_local": true, 
            "code": "001", 
            "name": "\u00c9 l\u00f3gico?...Ser\u00e1? Pensando logicamente", 
            "students": [
                29
            ], 
            "abstract": "\u00c9 l\u00f3gico?...Ser\u00e1? Pensando logicamente", 
            "advisors": [
                30, 
                31
            ], 
            "edition": "2008", 
            "video": "hum001.ogv", 
            "keywords": "", 
            "institution": 9
        }
    }, 
    {
        "pk": 10, 
        "model": "projects.project", 
        "fields": {
            "category": "SAU", 
            "is_local": true, 
            "code": "001", 
            "name": "Protetores solares a base de urucum", 
            "students": [
                32
            ], 
            "abstract": "Protetores solares a base de urucum", 
            "advisors": [
                33
            ], 
            "edition": "2008", 
            "video": "sau001.ogv", 
            "keywords": "", 
            "institution": 10
        }
    }, 
    {
        "pk": 11, 
        "model": "projects.project", 
        "fields": {
            "category": "SOC", 
            "is_local": true, 
            "code": "001", 
            "name": "Roupas Espec\u00edficas para PPNEs ", 
            "students": [
                34
            ], 
            "abstract": "Roupas Espec\u00edficas para PPNEs ", 
            "advisors": [
                35, 
                36
            ], 
            "edition": "2008", 
            "video": "soc001.ogv", 
            "keywords": "", 
            "institution": 11
        }
    }, 
    {
        "pk": 12, 
        "model": "projects.project", 
        "fields": {
            "category": "SOC", 
            "is_local": true, 
            "code": "000", 
            "name": "Erradica\u00e7\u00e3o do trabalho infantil com alunos da E.E.E.F. Seival atrav\u00e9s da reciclagem de lixo", 
            "students": [
                37, 
                38, 
                39
            ], 
            "abstract": "Erradica\u00e7\u00e3o do trabalho infantil com alunos da E.E.E.F. Seival atrav\u00e9s da reciclagem de lixo", 
            "advisors": [
                40
            ], 
            "edition": "2008", 
            "video": "soc000.ogv", 
            "keywords": "", 
            "institution": 12
        }
    }, 
    {
        "pk": 13, 
        "model": "projects.project", 
        "fields": {
            "category": "SAU", 
            "is_local": true, 
            "code": "000", 
            "name": "Indiferen\u00e7a causa dengue", 
            "students": [
                41, 
                42
            ], 
            "abstract": "Indiferen\u00e7a causa dengue", 
            "advisors": [
                43
            ], 
            "edition": "2008", 
            "video": "sau000.ogv", 
            "keywords": "", 
            "institution": 13
        }
    }, 
    {
        "pk": 14, 
        "model": "projects.project", 
        "fields": {
            "category": "EXA", 
            "is_local": true, 
            "code": "000", 
            "name": "Reciclo", 
            "students": [
                44, 
                45, 
                46
            ], 
            "abstract": "Reciclo", 
            "advisors": [
                47
            ], 
            "edition": "2008", 
            "video": "exa000.ogv", 
            "keywords": "", 
            "institution": 14
        }
    }, 
    {
        "pk": 1, 
        "model": "projects.prize", 
        "fields": {
            "description": "", 
            "name": "1\u00ba Lugar em Ci\u00eancias Agr\u00e1rias (Grupo)", 
            "institution": 15
        }
    }, 
    {
        "pk": 2, 
        "model": "projects.prize", 
        "fields": {
            "description": "", 
            "name": "1\u00ba Lugar em Ci\u00eancias Agr\u00e1rias (Individual)", 
            "institution": 15
        }
    }, 
    {
        "pk": 3, 
        "model": "projects.prize", 
        "fields": {
            "description": "", 
            "name": "1\u00ba Lugar em Ci\u00eancias Biol\u00f3gicas (Grupo)", 
            "institution": 15
        }
    }, 
    {
        "pk": 4, 
        "model": "projects.prize", 
        "fields": {
            "description": "", 
            "name": "1\u00ba Lugar em Ci\u00eancias Biol\u00f3gicas (Individual)", 
            "institution": 15
        }
    }, 
    {
        "pk": 5, 
        "model": "projects.prize", 
        "fields": {
            "description": "", 
            "name": "1\u00ba Lugar em Ci\u00eancias Exatas e da Terra (Grupo)", 
            "institution": 15
        }
    }, 
    {
        "pk": 6, 
        "model": "projects.prize", 
        "fields": {
            "description": "", 
            "name": "1\u00ba Lugar em Ci\u00eancias Exatas e da Terra (Individual)", 
            "institution": 15
        }
    }, 
    {
        "pk": 7, 
        "model": "projects.prize", 
        "fields": {
            "description": "", 
            "name": "1\u00ba Lugar em Ci\u00eancias Humanas (Grupo)", 
            "institution": 15
        }
    }, 
    {
        "pk": 8, 
        "model": "projects.prize", 
        "fields": {
            "description": "", 
            "name": "1\u00ba Lugar em Ci\u00eancias Humanas (Individual)", 
            "institution": 15
        }
    }, 
    {
        "pk": 9, 
        "model": "projects.prize", 
        "fields": {
            "description": "", 
            "name": "1\u00ba Lugar em Ci\u00eancias Sociais Aplicadas (Grupo)", 
            "institution": 15
        }
    }, 
    {
        "pk": 10, 
        "model": "projects.prize", 
        "fields": {
            "description": "", 
            "name": "1\u00ba Lugar em Ci\u00eancias Sociais Aplicadas (Individual)", 
            "institution": 15
        }
    }, 
    {
        "pk": 11, 
        "model": "projects.prize", 
        "fields": {
            "description": "", 
            "name": "1\u00ba Lugar em Ci\u00eancias da Sa\u00fade (Grupo)", 
            "institution": 15
        }
    }, 
    {
        "pk": 12, 
        "model": "projects.prize", 
        "fields": {
            "description": "", 
            "name": "1\u00ba Lugar em Ci\u00eancias da Sa\u00fade (Individual)", 
            "institution": 15
        }
    }, 
    {
        "pk": 13, 
        "model": "projects.prize", 
        "fields": {
            "description": "", 
            "name": "1\u00ba Lugar em Engenharia (Grupo)", 
            "institution": 15
        }
    }, 
    {
        "pk": 14, 
        "model": "projects.prize", 
        "fields": {
            "description": "", 
            "name": "1\u00ba Lugar em Engenharia (Individual)", 
            "institution": 15
        }
    }, 
    {
        "pk": 15, 
        "model": "projects.prize", 
        "fields": {
            "description": "", 
            "name": "2\u00ba Lugar em Ci\u00eancias Agr\u00e1rias (Grupo)", 
            "institution": 15
        }
    }, 
    {
        "pk": 16, 
        "model": "projects.prize", 
        "fields": {
            "description": "", 
            "name": "2\u00ba Lugar em Ci\u00eancias Agr\u00e1rias (Individual)", 
            "institution": 15
        }
    }, 
    {
        "pk": 17, 
        "model": "projects.prize", 
        "fields": {
            "description": "", 
            "name": "2\u00ba Lugar em Ci\u00eancias Biol\u00f3gicas (Grupo)", 
            "institution": 15
        }
    }, 
    {
        "pk": 18, 
        "model": "projects.prize", 
        "fields": {
            "description": "", 
            "name": "2\u00ba Lugar em Ci\u00eancias Biol\u00f3gicas (Individual)", 
            "institution": 15
        }
    }, 
    {
        "pk": 19, 
        "model": "projects.prize", 
        "fields": {
            "description": "", 
            "name": "2\u00ba Lugar em Ci\u00eancias Exatas e da Terra (Grupo)", 
            "institution": 15
        }
    }, 
    {
        "pk": 20, 
        "model": "projects.prize", 
        "fields": {
            "description": "", 
            "name": "2\u00ba Lugar em Ci\u00eancias Exatas e da Terra (Individual)", 
            "institution": 15
        }
    }, 
    {
        "pk": 21, 
        "model": "projects.prize", 
        "fields": {
            "description": "", 
            "name": "2\u00ba Lugar em Ci\u00eancias Humanas (Grupo)", 
            "institution": 15
        }
    }, 
    {
        "pk": 22, 
        "model": "projects.prize", 
        "fields": {
            "description": "", 
            "name": "2\u00ba Lugar em Ci\u00eancias Humanas (Individual)", 
            "institution": 15
        }
    }, 
    {
        "pk": 23, 
        "model": "projects.prize", 
        "fields": {
            "description": "", 
            "name": "2\u00ba Lugar em Ci\u00eancias Sociais Aplicadas (Grupo)", 
            "institution": 15
        }
    }, 
    {
        "pk": 24, 
        "model": "projects.prize", 
        "fields": {
            "description": "", 
            "name": "2\u00ba Lugar em Ci\u00eancias Sociais Aplicadas (Individual)", 
            "institution": 15
        }
    }, 
    {
        "pk": 25, 
        "model": "projects.prize", 
        "fields": {
            "description": "", 
            "name": "2\u00ba Lugar em Ci\u00eancias da Sa\u00fade (Grupo)", 
            "institution": 15
        }
    }, 
    {
        "pk": 26, 
        "model": "projects.prize", 
        "fields": {
            "description": "", 
            "name": "2\u00ba Lugar em Ci\u00eancias da Sa\u00fade (Individual)", 
            "institution": 15
        }
    }, 
    {
        "pk": 27, 
        "model": "projects.prize", 
        "fields": {
            "description": "", 
            "name": "2\u00ba Lugar em Engenharia (Grupo)", 
            "institution": 15
        }
    }, 
    {
        "pk": 28, 
        "model": "projects.prize", 
        "fields": {
            "description": "", 
            "name": "2\u00ba Lugar em Engenharia (Individual)", 
            "institution": 15
        }
    }, 
    {
        "pk": 29, 
        "model": "projects.prize", 
        "fields": {
            "description": "", 
            "name": "3\u00ba Lugar em Ci\u00eancias Agr\u00e1rias (Grupo)", 
            "institution": 15
        }
    }, 
    {
        "pk": 30, 
        "model": "projects.prize", 
        "fields": {
            "description": "", 
            "name": "3\u00ba Lugar em Ci\u00eancias Agr\u00e1rias (Individual)", 
            "institution": 15
        }
    }, 
    {
        "pk": 31, 
        "model": "projects.prize", 
        "fields": {
            "description": "", 
            "name": "3\u00ba Lugar em Ci\u00eancias Biol\u00f3gicas (Grupo)", 
            "institution": 15
        }
    }, 
    {
        "pk": 32, 
        "model": "projects.prize", 
        "fields": {
            "description": "", 
            "name": "3\u00ba Lugar em Ci\u00eancias Biol\u00f3gicas (Individual)", 
            "institution": 15
        }
    }, 
    {
        "pk": 33, 
        "model": "projects.prize", 
        "fields": {
            "description": "", 
            "name": "3\u00ba Lugar em Ci\u00eancias Exatas e da Terra (Grupo)", 
            "institution": 15
        }
    }, 
    {
        "pk": 34, 
        "model": "projects.prize", 
        "fields": {
            "description": "", 
            "name": "3\u00ba Lugar em Ci\u00eancias Exatas e da Terra (Individual)", 
            "institution": 15
        }
    }, 
    {
        "pk": 35, 
        "model": "projects.prize", 
        "fields": {
            "description": "", 
            "name": "3\u00ba Lugar em Ci\u00eancias Humanas (Grupo)", 
            "institution": 15
        }
    }, 
    {
        "pk": 36, 
        "model": "projects.prize", 
        "fields": {
            "description": "", 
            "name": "3\u00ba Lugar em Ci\u00eancias Humanas (Individual)", 
            "institution": 15
        }
    }, 
    {
        "pk": 37, 
        "model": "projects.prize", 
        "fields": {
            "description": "", 
            "name": "3\u00ba Lugar em Ci\u00eancias Sociais Aplicadas (Grupo)", 
            "institution": 15
        }
    }, 
    {
        "pk": 38, 
        "model": "projects.prize", 
        "fields": {
            "description": "", 
            "name": "3\u00ba Lugar em Ci\u00eancias Sociais Aplicadas (Individual)", 
            "institution": 15
        }
    }, 
    {
        "pk": 39, 
        "model": "projects.prize", 
        "fields": {
            "description": "", 
            "name": "3\u00ba Lugar em Ci\u00eancias da Sa\u00fade (Grupo)", 
            "institution": 15
        }
    }, 
    {
        "pk": 40, 
        "model": "projects.prize", 
        "fields": {
            "description": "", 
            "name": "3\u00ba Lugar em Ci\u00eancias da Sa\u00fade (Individual)", 
            "institution": 15
        }
    }, 
    {
        "pk": 41, 
        "model": "projects.prize", 
        "fields": {
            "description": "", 
            "name": "3\u00ba Lugar em Engenharia (Grupo)", 
            "institution": 15
        }
    }, 
    {
        "pk": 42, 
        "model": "projects.prize", 
        "fields": {
            "description": "", 
            "name": "3\u00ba Lugar em Engenharia (Individual)", 
            "institution": 15
        }
    }, 
    {
        "pk": 1, 
        "model": "projects.prizelink", 
        "fields": {
            "project": 1, 
            "date_added": "2009-07-03 01:50:22", 
            "prize": 1
        }
    }, 
    {
        "pk": 2, 
        "model": "projects.prizelink", 
        "fields": {
            "project": 2, 
            "date_added": "2009-07-03 01:50:51", 
            "prize": 3
        }
    }, 
    {
        "pk": 3, 
        "model": "projects.prizelink", 
        "fields": {
            "project": 3, 
            "date_added": "2009-07-03 01:51:38", 
            "prize": 13
        }
    }, 
    {
        "pk": 4, 
        "model": "projects.prizelink", 
        "fields": {
            "project": 4, 
            "date_added": "2009-07-03 01:52:01", 
            "prize": 7
        }
    }, 
    {
        "pk": 5, 
        "model": "projects.prizelink", 
        "fields": {
            "project": 5, 
            "date_added": "2009-07-03 01:52:10", 
            "prize": 2
        }
    }, 
    {
        "pk": 6, 
        "model": "projects.prizelink", 
        "fields": {
            "project": 6, 
            "date_added": "2009-07-03 01:52:31", 
            "prize": 4
        }
    }, 
    {
        "pk": 7, 
        "model": "projects.prizelink", 
        "fields": {
            "project": 7, 
            "date_added": "2009-07-03 01:52:46", 
            "prize": 14
        }
    }, 
    {
        "pk": 8, 
        "model": "projects.prizelink", 
        "fields": {
            "project": 8, 
            "date_added": "2009-07-03 01:53:06", 
            "prize": 6
        }
    }, 
    {
        "pk": 9, 
        "model": "projects.prizelink", 
        "fields": {
            "project": 9, 
            "date_added": "2009-07-03 01:53:22", 
            "prize": 8
        }
    }, 
    {
        "pk": 10, 
        "model": "projects.prizelink", 
        "fields": {
            "project": 10, 
            "date_added": "2009-07-03 01:53:39", 
            "prize": 12
        }
    }, 
    {
        "pk": 11, 
        "model": "projects.prizelink", 
        "fields": {
            "project": 11, 
            "date_added": "2009-07-03 01:54:00", 
            "prize": 10
        }
    }, 
    {
        "pk": 12, 
        "model": "projects.prizelink", 
        "fields": {
            "project": 12, 
            "date_added": "2009-07-03 01:54:23", 
            "prize": 9
        }
    }, 
    {
        "pk": 13, 
        "model": "projects.prizelink", 
        "fields": {
            "project": 13, 
            "date_added": "2009-07-03 01:54:44", 
            "prize": 11
        }
    }, 
    {
        "pk": 14, 
        "model": "projects.prizelink", 
        "fields": {
            "project": 14, 
            "date_added": "2009-07-03 01:54:55", 
            "prize": 5
        }
    }
]
